{
  "pd22_mean": -0.29747555653878466,
  "pd22_median": -0.4313471503,
  "pd22_std": 2.90878246322383,
  "pd22_beat_field_pct": 44.34818481848185,
  "baseline_mean": -0.12906643513820332,
  "baseline_beat_field_pct": 46.11731336884286
}