{
  "pd1_mean": -0.16468513855320047,
  "pd1_n": 7394,
  "pd6_mean": -0.08204372975876882,
  "pd6_n": 5844,
  "baseline_mean": -0.14145357423067834,
  "baseline_n": 53546
}