name,element_score,zodiac_score,model_score,player_history_score,blended_score,specialization_boost,final_score,score_source,has_specialization
Scottie Scheffler,53.300000000000004,50.0,51.980000000000004,69.0,57.086000000000006,0,57.086000000000006,history,False
Collin Morikawa,50.0,50.0,50.0,57.4,52.22,0,52.22,history,False
Rory McIlroy,50.0,50.0,50.0,48.699999999999996,49.61,0,49.61,history,False
Jon Rahm,58.099999999999994,50.0,54.86,36.4,49.322,0,49.322,history,False
Max Homa,56.39999999999999,50.0,53.839999999999996,27.0,45.788000000000004,0,45.788000000000004,history,False
Andrew Novak,50.0,50.0,50.0,34.9,45.47,0,45.47,history,False
Taylor Pendrith,50.0,50.0,50.0,33.800000000000004,45.13999999999999,0,45.13999999999999,history,False
Tiger Woods,56.3,50.0,53.779999999999994,0.0,37.645999999999994,0,37.645999999999994,history,False
